{
  "project_info": {
    "project_number": "501275659087",
    "firebase_url": "https://healthcareapp-54224-default-rtdb.firebaseio.com",
    "project_id": "healthcareapp-54224",
    "storage_bucket": "healthcareapp-54224.appspot.com"
  },
  "client": [
    {
      "client_info": {
        "mobilesdk_app_id": "1:501275659087:android:058cef059667b11d8f933a",
        "android_client_info": {
          "package_name": "com.collegelacite.healthcaresoftware"
        }
      },
      "oauth_client": [],
      "api_key": [
        {
          "current_key": "AIzaSyCNwH_0-f6f_fvrtaYYwBOK4_7zu2PNT8s"
        }
      ],
      "services": {
        "appinvite_service": {
          "other_platform_oauth_client": []
        }
      }
    }
  ],
  "configuration_version": "1"
}